Workbook
Name repasse: Parâmetros!$B$9
Name cnpj_osc: Parâmetros!$B$4

Sheet Leia-me
A1: Painel de Controle SCFV — IN 201/2026 TCE-PR
A3: Material gratuito SynSIT — versão 1.0 (2026)
A5: Como usar esta planilha
A7: 1. Aba 'Parâmetros' → preencha CNPJ, nome da OSC, termo, valor do repasse e contas.
A8: 2. Aba 'Plano de Aplicação' → lance metas físicas e financeiras do termo.
A9: 3. Aba 'Lançamentos' → registre cada despesa (fornecedor, CNPJ, NF, data, valor, rubrica, conta).
A10: 4. Aba 'Conciliação Bancária' → cole o extrato e a planilha cruza com os lançamentos.
A11: 5. Aba 'Bimestre' → consolida automaticamente o que vai pro SIT a cada 2 meses.
A12: 6. Aba 'Checklist 15 itens' → marque antes de transmitir. Verde = ok pra enviar.
A13: 7. Aba 'Alertas' → mostra inconsistências (valor maior que saldo, CNPJ inválido, rubrica fora do plano).
A15: Por que isso vale mais que um e-book:
A16: • O e-book ensina. A planilha executa. Você cola lançamento e ela monta o bimestral.
... A21: Demonstração gratuita: https://synsit.lovable.app/demonstracao

Sheet Parâmetros
A1: Parâmetros do Termo
A3: Nome da OSC | B3: Associação Exemplo
A4: CNPJ da OSC | B4: 00.000.000/0001-00
A5: Termo de Colaboração nº | B5: 001/2026
A6: Objeto | B6: Execução do SCFV - Crianças e Adolescentes 6 a 15 anos
A7: Vigência início | B7: 01/03/2026
A8: Vigência fim | B8: 31/12/2026
A9: Valor total do repasse (R$) | B9: 240000
A10: Conta bancária - banco/agência/conta | B10: Banco do Brasil / 0001-9 / 12345-6
A11: Conselho fiscalizador | B11: CMAS Medianeira
A12: Responsável técnico (contador) | B12: Nome do contador - CRC PR-000000

Sheet Plano de Aplicação
A1: Rubrica | B1: Descrição | C1: Valor previsto (R$) | D1: Valor executado (R$) | E1: Saldo (R$) | F1: % Execução
A2: 3.1.90.11 | B2: Vencimentos e vantagens fixas (educador social) | C2: 96000 | D2: =IFERROR(SUMIF(Lançamentos!F:F,A2,Lançamentos!E:E),0) | E2: =C2-D2 | F2: =IFERROR(D2/C2,0)
A3: 3.1.90.13 | B3: Obrigações patronais | C3: 28000 | D3: =IFERROR(SUMIF(Lançamentos!F:F,A3,Lançamentos!E:E),0) | E3: =C3-D3 | F3: =IFERROR(D3/C3,0)
A4: 3.3.90.30 | B4: Material de consumo (pedagógico, higiene) | C4: 22000 | D4: =IFERROR(SUMIF(Lançamentos!F:F,A4,Lançamentos!E:E),0) | E4: =C4-D4 | F4: =IFERROR(D4/C4,0)
A5: 3.3.90.36 | B5: Serviços de terceiros - PF (oficineiro) | C5: 24000 | D5: =IFERROR(SUMIF(Lançamentos!F:F,A5,Lançamentos!E:E),0) | E5: =C5-D5 | F5: =IFERROR(D5/C5,0)
A6: 3.3.90.39 | B6: Serviços de terceiros - PJ (contabilidade, internet) | C6: 30000 | D6: =IFERROR(SUMIF(Lançamentos!F:F,A6,Lançamentos!E:E),0) | E6: =C6-D6 | F6: =IFERROR(D6/C6,0)
A7: 3.3.90.40 | B7: Locações | C7: 18000 | D7: =IFERROR(SUMIF(Lançamentos!F:F,A7,Lançamentos!E:E),0) | E7: =C7-D7 | F7: =IFERROR(D7/C7,0)
A8: 4.4.90.52 | B8: Equipamentos e material permanente | C8: 22000 | D8: =IFERROR(SUMIF(Lançamentos!F:F,A8,Lançamentos!E:E),0) | E8: =C8-D8 | F8: =IFERROR(D8/C8,0)
B9: TOTAL | C9: =SUM(C2:C8) | D9: =SUM(D2:D8) | E9: =SUM(E2:E8) | F9: =IFERROR(D9/C9,0)

Sheet Lançamentos
A1: Data | B1: Fornecedor | C1: CNPJ/CPF | D1: Documento (NF/Recibo) | E1: Valor (R$) | F1: Rubrica | G1: Conta de origem | H1: Bimestre | I1: Observação | J1: Status
H2: =IF(A2="","","B"&ROUNDUP(MONTH(A2)/2,0)&"/"&YEAR(A2)) | J2: =IF(A2="","",IF(ISNUMBER(MATCH(F2,'Plano de Aplicação'!A:A,0)),"OK","RUBRICA INVÁLIDA"))
H3: =IF(A3="","","B"&ROUNDUP(MONTH(A3)/2,0)&"/"&YEAR(A3)) | J3: =IF(A3="","",IF(ISNUMBER(MATCH(F3,'Plano de Aplicação'!A:A,0)),"OK","RUBRICA INVÁLIDA"))
H4: =IF(A4="","","B"&ROUNDUP(MONTH(A4)/2,0)&"/"&YEAR(A4)) | J4: =IF(A4="","",IF(ISNUMBER(MATCH(F4,'Plano de Aplicação'!A:A,0)),"OK","RUBRICA INVÁLIDA"))
H5: =IF(A5="","","B"&ROUNDUP(MONTH(A5)/2,0)&"/"&YEAR(A5)) | J5: =IF(A5="","",IF(ISNUMBER(MATCH(F5,'Plano de Aplicação'!A:A,0)),"OK","RUBRICA INVÁLIDA"))
H6: =IF(A6="","","B"&ROUNDUP(MONTH(A6)/2,0)&"/"&YEAR(A6)) | J6: =IF(A6="","",IF(ISNUMBER(MATCH(F6,'Plano de Aplicação'!A:A,0)),"OK","RUBRICA INVÁLIDA"))
H7: =IF(A7="","","B"&ROUNDUP(MONTH(A7)/2,0)&"/"&YEAR(A7)) | J7: =IF(A7="","",IF(ISNUMBER(MATCH(F7,'Plano de Aplicação'!A:A,0)),"OK","RUBRICA INVÁLIDA"))
H8: =IF(A8="","","B"&ROUNDUP(MONTH(A8)/2,0)&"/"&YEAR(A8)) | J8: =IF(A8="","",IF(ISNUMBER(MATCH(F8,'Plano de Aplicação'!A:A,0)),"OK","RUBRICA INVÁLIDA"))
H9: =IF(A9="","","B"&ROUNDUP(MONTH(A9)/2,0)&"/"&YEAR(A9)) | J9: =IF(A9="","",IF(ISNUMBER(MATCH(F9,'Plano de Aplicação'!A:A,0)),"OK","RUBRICA INVÁLIDA"))
H10: =IF(A10="","","B"&ROUNDUP(MONTH(A10)/2,0)&"/"&YEAR(A10)) | J10: =IF(A10="","",IF(ISNUMBER(MATCH(F10,'Plano de Aplicação'!A:A,0)),"OK","RUBRICA INVÁLIDA"))
H11: =IF(A11="","","B"&ROUNDUP(MONTH(A11)/2,0)&"/"&YEAR(A11)) | J11: =IF(A11="","",IF(ISNUMBER(MATCH(F11,'Plano de Aplicação'!A:A,0)),"OK","RUBRICA INVÁLIDA"))
H12: =IF(A12="","","B"&ROUNDUP(MONTH(A12)/2,0)&"/"&YEAR(A12)) | J12: =IF(A12="","",IF(ISNUMBER(MATCH(F12,'Plano de Aplicação'!A:A,0)),"OK","RUBRICA INVÁLIDA"))
H13: =IF(A13="","","B"&ROUNDUP(MONTH(A13)/2,0)&"/"&YEAR(A13)) | J13: =IF(A13="","",IF(ISNUMBER(MATCH(F13,'Plano de Aplicação'!A:A,0)),"OK","RUBRICA INVÁLIDA"))
... H31: =IF(A31="","","B"&ROUNDUP(MONTH(A31)/2,0)&"/"&YEAR(A31)) | J31: =IF(A31="","",IF(ISNUMBER(MATCH(F31,'Plano de Aplicação'!A:A,0)),"OK","RUBRICA INVÁLIDA"))

Sheet Conciliação Bancária
A1: Data extrato | B1: Histórico | C1: Valor extrato (R$) | D1: Tipo | E1: Valor planilha (R$) | F1: Diferença | G1: Conferido? | I1: Cole o extrato bancário nas colunas A-D. A coluna E busca o lançamento pelo valor + data.
E2: =IFERROR(INDEX(Lançamentos!E:E,MATCH(1,(Lançamentos!A:A=A2)*(Lançamentos!E:E=C2),0)),0) | F2: =C2-E2 | G2: =IF(A2="","",IF(ABS(F2)<0.01,"✓ CONCILIADO","⚠ DIVERGÊNCIA"))
E3: =IFERROR(INDEX(Lançamentos!E:E,MATCH(1,(Lançamentos!A:A=A3)*(Lançamentos!E:E=C3),0)),0) | F3: =C3-E3 | G3: =IF(A3="","",IF(ABS(F3)<0.01,"✓ CONCILIADO","⚠ DIVERGÊNCIA"))
E4: =IFERROR(INDEX(Lançamentos!E:E,MATCH(1,(Lançamentos!A:A=A4)*(Lançamentos!E:E=C4),0)),0) | F4: =C4-E4 | G4: =IF(A4="","",IF(ABS(F4)<0.01,"✓ CONCILIADO","⚠ DIVERGÊNCIA"))
E5: =IFERROR(INDEX(Lançamentos!E:E,MATCH(1,(Lançamentos!A:A=A5)*(Lançamentos!E:E=C5),0)),0) | F5: =C5-E5 | G5: =IF(A5="","",IF(ABS(F5)<0.01,"✓ CONCILIADO","⚠ DIVERGÊNCIA"))
E6: =IFERROR(INDEX(Lançamentos!E:E,MATCH(1,(Lançamentos!A:A=A6)*(Lançamentos!E:E=C6),0)),0) | F6: =C6-E6 | G6: =IF(A6="","",IF(ABS(F6)<0.01,"✓ CONCILIADO","⚠ DIVERGÊNCIA"))
E7: =IFERROR(INDEX(Lançamentos!E:E,MATCH(1,(Lançamentos!A:A=A7)*(Lançamentos!E:E=C7),0)),0) | F7: =C7-E7 | G7: =IF(A7="","",IF(ABS(F7)<0.01,"✓ CONCILIADO","⚠ DIVERGÊNCIA"))
E8: =IFERROR(INDEX(Lançamentos!E:E,MATCH(1,(Lançamentos!A:A=A8)*(Lançamentos!E:E=C8),0)),0) | F8: =C8-E8 | G8: =IF(A8="","",IF(ABS(F8)<0.01,"✓ CONCILIADO","⚠ DIVERGÊNCIA"))
E9: =IFERROR(INDEX(Lançamentos!E:E,MATCH(1,(Lançamentos!A:A=A9)*(Lançamentos!E:E=C9),0)),0) | F9: =C9-E9 | G9: =IF(A9="","",IF(ABS(F9)<0.01,"✓ CONCILIADO","⚠ DIVERGÊNCIA"))
E10: =IFERROR(INDEX(Lançamentos!E:E,MATCH(1,(Lançamentos!A:A=A10)*(Lançamentos!E:E=C10),0)),0) | F10: =C10-E10 | G10: =IF(A10="","",IF(ABS(F10)<0.01,"✓ CONCILIADO","⚠ DIVERGÊNCIA"))
E11: =IFERROR(INDEX(Lançamentos!E:E,MATCH(1,(Lançamentos!A:A=A11)*(Lançamentos!E:E=C11),0)),0) | F11: =C11-E11 | G11: =IF(A11="","",IF(ABS(F11)<0.01,"✓ CONCILIADO","⚠ DIVERGÊNCIA"))
E12: =IFERROR(INDEX(Lançamentos!E:E,MATCH(1,(Lançamentos!A:A=A12)*(Lançamentos!E:E=C12),0)),0) | F12: =C12-E12 | G12: =IF(A12="","",IF(ABS(F12)<0.01,"✓ CONCILIADO","⚠ DIVERGÊNCIA"))
E13: =IFERROR(INDEX(Lançamentos!E:E,MATCH(1,(Lançamentos!A:A=A13)*(Lançamentos!E:E=C13),0)),0) | F13: =C13-E13 | G13: =IF(A13="","",IF(ABS(F13)<0.01,"✓ CONCILIADO","⚠ DIVERGÊNCIA"))
... E31: =IFERROR(INDEX(Lançamentos!E:E,MATCH(1,(Lançamentos!A:A=A31)*(Lançamentos!E:E=C31),0)),0) | F31: =C31-E31 | G31: =IF(A31="","",IF(ABS(F31)<0.01,"✓ CONCILIADO","⚠ DIVERGÊNCIA"))

Sheet Bimestre
A1: Consolidado Bimestral — pronto para conferir antes do SIT
A3: Bimestre alvo (ex.: B3/2026): | B3: B3/2026
A5: Rubrica | B5: Qtd lançamentos | C5: Total executado (R$) | D5: % do repasse
A6: 3.1.90.11 | B6: =COUNTIFS(Lançamentos!F:F,A6,Lançamentos!H:H,$B$3) | C6: =SUMIFS(Lançamentos!E:E,Lançamentos!F:F,A6,Lançamentos!H:H,$B$3) | D6: =IFERROR(C6/repasse,0)
A7: 3.1.90.13 | B7: =COUNTIFS(Lançamentos!F:F,A7,Lançamentos!H:H,$B$3) | C7: =SUMIFS(Lançamentos!E:E,Lançamentos!F:F,A7,Lançamentos!H:H,$B$3) | D7: =IFERROR(C7/repasse,0)
A8: 3.3.90.30 | B8: =COUNTIFS(Lançamentos!F:F,A8,Lançamentos!H:H,$B$3) | C8: =SUMIFS(Lançamentos!E:E,Lançamentos!F:F,A8,Lançamentos!H:H,$B$3) | D8: =IFERROR(C8/repasse,0)
A9: 3.3.90.36 | B9: =COUNTIFS(Lançamentos!F:F,A9,Lançamentos!H:H,$B$3) | C9: =SUMIFS(Lançamentos!E:E,Lançamentos!F:F,A9,Lançamentos!H:H,$B$3) | D9: =IFERROR(C9/repasse,0)
A10: 3.3.90.39 | B10: =COUNTIFS(Lançamentos!F:F,A10,Lançamentos!H:H,$B$3) | C10: =SUMIFS(Lançamentos!E:E,Lançamentos!F:F,A10,Lançamentos!H:H,$B$3) | D10: =IFERROR(C10/repasse,0)
A11: 3.3.90.40 | B11: =COUNTIFS(Lançamentos!F:F,A11,Lançamentos!H:H,$B$3) | C11: =SUMIFS(Lançamentos!E:E,Lançamentos!F:F,A11,Lançamentos!H:H,$B$3) | D11: =IFERROR(C11/repasse,0)
A12: 4.4.90.52 | B12: =COUNTIFS(Lançamentos!F:F,A12,Lançamentos!H:H,$B$3) | C12: =SUMIFS(Lançamentos!E:E,Lançamentos!F:F,A12,Lançamentos!H:H,$B$3) | D12: =IFERROR(C12/repasse,0)
A13: TOTAL | B13: =SUM(B6:B12) | C13: =SUM(C6:C12) | D13: =IFERROR(C13/repasse,0)

Sheet Checklist 15 itens
A1: Checklist de transmissão — IN 201/2026
A3: # | B3: Item | C3: Status (X = ok) | E3: Itens concluídos: | F3: =COUNTIF(C4:C18,"x")+COUNTIF(C4:C18,"X")
A4: 1 | B4: Plano de trabalho assinado e dentro da vigência | E4: Total: | F4: 15
A5: 2 | B5: Todas as despesas têm NF/recibo digitalizado anexado | E5: % conclusão: | F5: =F3/F4
A6: 3 | B6: CNPJ do fornecedor validado (dígito verificador)
A7: 4 | B7: Conta bancária do termo é exclusiva (sem mistura com outros recursos)
A8: 5 | B8: Rendimentos da aplicação financeira lançados separadamente
A9: 6 | B9: Conciliação bancária do bimestre sem divergências
A10: 7 | B10: Folha de pagamento com INSS, FGTS e IRRF recolhidos no prazo
A11: 8 | B11: Contratos de PF/PJ acima de R$ 8.000 com 3 cotações anexadas
A12: 9 | B12: Notas fiscais emitidas em nome da OSC (não pessoa física)
A13: 10 | B13: Despesas dentro das rubricas do plano de aplicação aprovado
A14: 11 | B14: Lista de presença dos usuários do SCFV (frequência mínima 60%)
A15: 12 | B15: Relatório de execução físico-financeira do bimestre assinado
A16: 13 | B16: Atas do conselho de assistência social referentes ao período
A17: 14 | B17: Devoluções ao fundo (se houver) com guia de recolhimento anexada
A18: 15 | B18: Cópia do arquivo .txt validado no validador do TCE-PR antes do envio

Sheet Alertas
A1: Alertas automáticos
A3: Verificação | B3: Resultado
A4: Total executado maior que repasse | B4: =IF('Plano de Aplicação'!D9>repasse,"⚠ Execução excede o repasse total","✓ Dentro do limite")
A5: Lançamentos com rubrica inválida | B5: =COUNTIF(Lançamentos!J2:J31,"RUBRICA INVÁLIDA")&" lançamento(s) com rubrica fora do plano"
A6: Divergências de conciliação | B6: =COUNTIF('Conciliação Bancária'!G2:G31,"⚠ DIVERGÊNCIA")&" divergência(s) entre extrato e planilha"
A7: Saldo a executar | B7: ="Saldo disponível: R$ "&TEXT(repasse-'Plano de Aplicação'!D9,"#,##0.00")

Sheet Sobre o SynSIT
A1: Cansou de fazer isso na mão?
A3: O SynSIT faz tudo isso automaticamente:
A5: • Lê seus PDFs de NF, boleto e holerite e extrai os dados
A6: • Concilia o extrato bancário sozinho
A7: • Monta o arquivo .txt no leiaute exato do SIT TCE-PR
A8: • Valida CNPJ, rubrica e saldo em tempo real
A9: • Gera mapa comparativo de 3 cotações para você
A10: • Mantém histórico para auditoria com 1 clique
A12: Para gestores de OSC e escritórios contábeis que atendem o terceiro setor.
A14: Demonstração gratuita (30 dias, sem cartão):
A15: https://synsit.lovable.app/demonstracao
